{"cameraMode":{"drawMode":0,"name":"Shaded","section":"Shading Mode"},"sceneLighting":true,"audioPlay":false,"sceneViewState":{"m_AlwaysRefresh":false,"showFog":true,"showSkybox":true,"showFlares":true,"showImageEffects":true,"showParticleSystems":true,"showVisualEffectGraphs":true,"m_FxEnabled":true},"in2DMode":false,"pivot":{"x":-38.70403289794922,"y":0.4957421123981476,"z":0.12722383439540864},"rotation":{"x":-0.02183004654943943,"y":0.7494156360626221,"z":-0.024739837273955346,"w":-0.6612765789031982},"size":1.0067412853240967,"orthographic":true}